{
  "train_loss": [
    2.614879,
    2.238374,
    1.981328,
    1.813935,
    1.770954,
    1.565265,
    1.302363,
    1.136083,
    1.044956,
    0.964479,
    0.897327,
    0.854515,
    0.825215,
    0.788202,
    0.765097,
    0.747599,
    0.737782,
    0.720309,
    0.702586,
    0.706466,
    0.686864,
    0.672409,
    0.668539,
    0.661047,
    0.660286,
    0.652585,
    0.647232,
    0.646009,
    0.63914,
    0.638857,
    0.637998,
    0.639832,
    0.632033,
    0.632675,
    0.629733
  ],
  "val_loss": [
    2.385659,
    2.107701,
    1.916674,
    1.839658,
    1.784844,
    1.422805,
    1.215655,
    1.09891,
    1.040354,
    0.98957,
    0.95043,
    0.927656,
    0.91259,
    0.90392,
    0.891641,
    0.876696,
    0.872042,
    0.866129,
    0.856599,
    0.848861,
    0.846102,
    0.840006,
    0.849777,
    0.839554,
    0.836292,
    0.839538,
    0.829838,
    0.827995,
    0.825652,
    0.825499,
    0.828846,
    0.825174,
    0.823727,
    0.819754,
    0.820379
  ],
  "train_acc": [
    23.11,
    49.3986,
    61.5979,
    65.6357,
    66.7526,
    71.8213,
    78.6942,
    83.8488,
    87.457,
    89.6907,
    92.8694,
    94.5876,
    95.189,
    96.134,
    97.3368,
    97.5086,
    97.3368,
    97.4227,
    98.5395,
    98.3677,
    99.2268,
    99.055,
    99.3986,
    99.7423,
    99.5704,
    99.3986,
    99.7423,
    99.5704,
    99.8282,
    99.8282,
    99.8282,
    99.3127,
    99.9141,
    99.7423,
    99.6564
  ],
  "val_acc": [
    47.3251,
    55.144,
    61.7284,
    64.6091,
    66.2551,
    77.3663,
    81.07,
    82.716,
    83.9506,
    85.5967,
    87.6543,
    88.4774,
    88.8889,
    89.3004,
    90.1235,
    90.535,
    90.1235,
    90.1235,
    90.1235,
    90.9465,
    90.1235,
    91.358,
    91.358,
    91.358,
    92.1811,
    90.535,
    90.1235,
    91.358,
    90.9465,
    90.1235,
    90.535,
    90.9465,
    90.9465,
    90.9465,
    90.9465
  ]
}